{"count":1,"self":2186.3682048,"total":3359.6713798,"children":{"InitializeActuators":{"count":10,"self":0.0030199999999999997,"total":0.0030199999999999997,"children":null},"InitializeSensors":{"count":10,"self":0.0020103,"total":0.0020103,"children":null},"AgentSendState":{"count":157751,"self":0.91871819999999993,"total":56.990216999999994,"children":{"CollectObservations":{"count":315510,"self":0.9796446,"total":0.9796446,"children":null},"WriteActionMask":{"count":315510,"self":0.11931649999999999,"total":0.11931649999999999,"children":null},"RequestDecision":{"count":315510,"self":0.64429819999999993,"total":54.9725377,"children":{"AgentInfo.ToProto":{"count":315510,"self":0.63173269999999992,"total":54.328239499999995,"children":{"GenerateSensorData":{"count":315510,"self":53.696505599999995,"total":53.696506799999995,"children":null}}}}}}},"DecideAction":{"count":157751,"self":1065.3950975999999,"total":1065.3951027,"children":null},"AgentAct":{"count":157751,"self":48.5937888,"total":50.691530099999994,"children":{"AgentInfo.ToProto":{"count":4118,"self":0.031931799999999996,"total":2.0977406,"children":{"GenerateSensorData":{"count":4118,"self":2.0658088,"total":2.0658088,"children":null}}}}},"AgentInfo.ToProto":{"count":574,"self":0.0041792,"total":0.2188038,"children":{"GenerateSensorData":{"count":574,"self":0.2146246,"total":0.2146246,"children":null}}}},"gauges":{"MoonRover.CumulativeReward":{"count":4692,"max":250.653015,"min":-292.866577,"runningAverage":-28.756216,"value":-13.019515,"weightedAverage":2.01611757}},"metadata":{"timer_format_version":"0.1.0","start_time_seconds":"1766748714","unity_version":"6000.2.15f1","command_line_arguments":"C:\\Program Files\\Unity\\Hub\\Editor\\6000.2.15f1\\Editor\\Unity.exe -projectpath D:\\Astroneer\\ASTROBOT\\AstroBOT -acceptSoftwareTermsForThisRunOnly -useHub -hubIPC -cloudEnvironment production","communication_protocol_version":"1.5.0","com.unity.ml-agents_version":"4.0.0","scene_name":"TrainZone","end_time_seconds":"1766752073"}}