{"count":1,"self":4244.2883071999995,"total":4746.1851268,"children":{"InitializeActuators":{"count":5,"self":0.0016265,"total":0.0016265,"children":null},"InitializeSensors":{"count":5,"self":0.0017453999999999998,"total":0.0017453999999999998,"children":null},"AgentSendState":{"count":122934,"self":0.4210015,"total":25.641356,"children":{"CollectObservations":{"count":122935,"self":0.40071219999999996,"total":0.40071219999999996,"children":null},"WriteActionMask":{"count":122935,"self":0.0424446,"total":0.0424446,"children":null},"RequestDecision":{"count":122935,"self":0.3295771,"total":24.7771977,"children":{"AgentInfo.ToProto":{"count":122935,"self":0.3075534,"total":24.4476206,"children":{"GenerateSensorData":{"count":122935,"self":24.140067199999997,"total":24.140067199999997,"children":null}}}}}}},"DecideAction":{"count":122934,"self":458.59087359999995,"total":458.59088219999995,"children":null},"AgentAct":{"count":122934,"self":17.612552,"total":17.6436513,"children":{"AgentInfo.ToProto":{"count":100,"self":0.0015186,"total":0.0311,"children":{"GenerateSensorData":{"count":100,"self":0.029581399999999997,"total":0.029581399999999997,"children":null}}}}},"AgentInfo.ToProto":{"count":60,"self":0.0016700999999999999,"total":0.0164878,"children":{"GenerateSensorData":{"count":60,"self":0.0148177,"total":0.0148177,"children":null}}}},"gauges":{"MoonRover.CumulativeReward":{"count":160,"max":70.8694153,"min":-312.831146,"runningAverage":-87.54973,"value":-0.4620665,"weightedAverage":-1.52498114}},"metadata":{"timer_format_version":"0.1.0","start_time_seconds":"1766816810","unity_version":"6000.2.15f1","command_line_arguments":"C:\\Program Files\\Unity\\Hub\\Editor\\6000.2.15f1\\Editor\\Unity.exe -projectpath D:\\Astroneer\\ASTROBOT\\AstroBOT -acceptSoftwareTermsForThisRunOnly -useHub -hubIPC -cloudEnvironment production","communication_protocol_version":"1.5.0","com.unity.ml-agents_version":"4.0.0","scene_name":"TrainZone","end_time_seconds":"1766821556"}}